Workbook

Sheet Dashboard
B1: BIG FASHION GROUP · SALES DASHBOARD
B2: Sample template by AyNova Academy · Sample data, January-June 2024
B4: Region | C4: All | E4: Category | F4: All | H4: ← Pick from the drop-down menus (yellow cells): everything updates
B6: TOTAL SALES | E6: ORDERS | H6: AVERAGE ORDER VALUE | K6: GROWTH VS PREVIOUS YEAR
B7: =SUMIFS(Data!$E$2:$E$1000,Data!$B$2:$B$1000,Calculations!$B$2,Data!$C$2:$C$1000,Calculations!$B$3)/1000000 -> 189.4 | E7: =SUMIFS(Data!$F$2:$F$1000,Data!$B$2:$B$1000,Calculations!$B$2,Data!$C$2:$C$1000,Calculations!$B$3) -> 27282 | H7: =IFERROR($B$7*1000000/$E$7,0) -> 6942.3063 | K7: =IFERROR($B$7/(SUMIFS(Data!$G$2:$G$1000,Data!$B$2:$B$1000,Calculations!$B$2,Data!$C$2:$C$1000,Calculations!$B$3)/1000000)-1,0) -> 0.18503217
B43: Template created by AyNova Academy · aynovaacademy.github.io/AyNova-Academy/en/

Sheet Data
A1: Month | B1: Region | C1: Category | D1: Brand | E1: Sales ($) | F1: Orders | G1: Previous year sales ($)
A2: Jan | B2: NSW | C2: Shoes | D2: Big Fashion | E2: 2383290 | F2: 302 | G2: 1958332
A3: Jan | B3: NSW | C3: Shoes | D3: Sister Brands | E3: 1588860 | F3: 201 | G3: 1305555
A4: Feb | B4: NSW | C4: Shoes | D4: Big Fashion | E4: 2566620 | F4: 325 | G4: 2108973
A5: Feb | B5: NSW | C5: Shoes | D5: Sister Brands | E5: 1711080 | F5: 217 | G5: 1405982
A6: Mar | B6: NSW | C6: Shoes | D6: Big Fashion | E6: 2933280 | F6: 371 | G6: 2410255
A7: Mar | B7: NSW | C7: Shoes | D7: Sister Brands | E7: 1955520 | F7: 248 | G7: 1606836
A8: Apr | B8: NSW | C8: Shoes | D8: Big Fashion | E8: 3666600 | F8: 464 | G8: 3012818
A9: Apr | B9: NSW | C9: Shoes | D9: Sister Brands | E9: 2444400 | F9: 309 | G9: 2008546
A10: May | B10: NSW | C10: Shoes | D10: Big Fashion | E10: 3483270 | F10: 441 | G10: 2862177
A11: May | B11: NSW | C11: Shoes | D11: Sister Brands | E11: 2322180 | F11: 294 | G11: 1908118
A12: Jun | B12: NSW | C12: Shoes | D12: Big Fashion | E12: 3299940 | F12: 418 | G12: 2711537
A13: Jun | B13: NSW | C13: Shoes | D13: Sister Brands | E13: 2199960 | F13: 278 | G13: 1807691
... A289: Jun | B289: Tasmania | C289: Socks | D289: Sister Brands | E289: 34214 | F289: 7 | G289: 31062

Sheet Calculations
A1: Helper calculations (do not edit: the formulas update by themselves)
A2: Region criterion | B2: =IF(Dashboard!$C$4="All","*",Dashboard!$C$4) -> *
A3: Category criterion | B3: =IF(Dashboard!$F$4="All","*",Dashboard!$F$4) -> *
A6: Month | B6: Big Fashion | C6: Sister Brands | E6: Category | F6: Big Fashion | G6: Sister Brands | I6: Region | J6: Sales | L6: Brand | M6: Sales
A7: Jan | B7: =SUMIFS(Data!$E$2:$E$1000,Data!$A$2:$A$1000,$A7,Data!$B$2:$B$1000,$B$2,Data!$C$2:$C$1000,$B$3,Data!$D$2:$D$1000,B$6)/1000000 -> 13.800629 | C7: =SUMIFS(Data!$E$2:$E$1000,Data!$A$2:$A$1000,$A7,Data!$B$2:$B$1000,$B$2,Data!$C$2:$C$1000,$B$3,Data!$D$2:$D$1000,C$6)/1000000 -> 10.821371 | E7: Shoes | F7: =SUMIFS(Data!$E$2:$E$1000,Data!$C$2:$C$1000,$E7,Data!$B$2:$B$1000,$B$2,Data!$D$2:$D$1000,F$6)/1000000 -> 39.774 | G7: =SUMIFS(Data!$E$2:$E$1000,Data!$C$2:$C$1000,$E7,Data!$B$2:$B$1000,$B$2,Data!$D$2:$D$1000,G$6)/1000000 -> 26.516 | I7: NSW | J7: =SUMIFS(Data!$E$2:$E$1000,Data!$B$2:$B$1000,$I7,Data!$C$2:$C$1000,$B$3)/1000000 -> 87.300001 | L7: Big Fashion | M7: =SUMIFS(Data!$E$2:$E$1000,Data!$B$2:$B$1000,$B$2,Data!$C$2:$C$1000,$B$3,Data!$D$2:$D$1000,$L7)/1000000 -> 106.1587
A8: Feb | B8: =SUMIFS(Data!$E$2:$E$1000,Data!$A$2:$A$1000,$A8,Data!$B$2:$B$1000,$B$2,Data!$C$2:$C$1000,$B$3,Data!$D$2:$D$1000,B$6)/1000000 -> 14.862218 | C8: =SUMIFS(Data!$E$2:$E$1000,Data!$A$2:$A$1000,$A8,Data!$B$2:$B$1000,$B$2,Data!$C$2:$C$1000,$B$3,Data!$D$2:$D$1000,C$6)/1000000 -> 11.653782 | E8: Home | F8: =SUMIFS(Data!$E$2:$E$1000,Data!$C$2:$C$1000,$E8,Data!$B$2:$B$1000,$B$2,Data!$D$2:$D$1000,F$6)/1000000 -> 26.989497 | G8: =SUMIFS(Data!$E$2:$E$1000,Data!$C$2:$C$1000,$E8,Data!$B$2:$B$1000,$B$2,Data!$D$2:$D$1000,G$6)/1000000 -> 20.360504 | I8: Victoria | J8: =SUMIFS(Data!$E$2:$E$1000,Data!$B$2:$B$1000,$I8,Data!$C$2:$C$1000,$B$3)/1000000 -> 46.7 | L8: Sister Brands | M8: =SUMIFS(Data!$E$2:$E$1000,Data!$B$2:$B$1000,$B$2,Data!$C$2:$C$1000,$B$3,Data!$D$2:$D$1000,$L8)/1000000 -> 83.241304
A9: Mar | B9: =SUMIFS(Data!$E$2:$E$1000,Data!$A$2:$A$1000,$A9,Data!$B$2:$B$1000,$B$2,Data!$C$2:$C$1000,$B$3,Data!$D$2:$D$1000,B$6)/1000000 -> 16.985392 | C9: =SUMIFS(Data!$E$2:$E$1000,Data!$A$2:$A$1000,$A9,Data!$B$2:$B$1000,$B$2,Data!$C$2:$C$1000,$B$3,Data!$D$2:$D$1000,C$6)/1000000 -> 13.318608 | E9: Kids | F9: =SUMIFS(Data!$E$2:$E$1000,Data!$C$2:$C$1000,$E9,Data!$B$2:$B$1000,$B$2,Data!$D$2:$D$1000,F$6)/1000000 -> 21.667358 | G9: =SUMIFS(Data!$E$2:$E$1000,Data!$C$2:$C$1000,$E9,Data!$B$2:$B$1000,$B$2,Data!$D$2:$D$1000,G$6)/1000000 -> 20.000642 | I9: Queensland | J9: =SUMIFS(Data!$E$2:$E$1000,Data!$B$2:$B$1000,$I9,Data!$C$2:$C$1000,$B$3)/1000000 -> 32.1
A10: Apr | B10: =SUMIFS(Data!$E$2:$E$1000,Data!$A$2:$A$1000,$A10,Data!$B$2:$B$1000,$B$2,Data!$C$2:$C$1000,$B$3,Data!$D$2:$D$1000,B$6)/1000000 -> 21.23174 | C10: =SUMIFS(Data!$E$2:$E$1000,Data!$A$2:$A$1000,$A10,Data!$B$2:$B$1000,$B$2,Data!$C$2:$C$1000,$B$3,Data!$D$2:$D$1000,C$6)/1000000 -> 16.64826 | E10: Socks | F10: =SUMIFS(Data!$E$2:$E$1000,Data!$C$2:$C$1000,$E10,Data!$B$2:$B$1000,$B$2,Data!$D$2:$D$1000,F$6)/1000000 -> 17.727842 | G10: =SUMIFS(Data!$E$2:$E$1000,Data!$C$2:$C$1000,$E10,Data!$B$2:$B$1000,$B$2,Data!$D$2:$D$1000,G$6)/1000000 -> 16.364158 | I10: W. Australia | J10: =SUMIFS(Data!$E$2:$E$1000,Data!$B$2:$B$1000,$I10,Data!$C$2:$C$1000,$B$3)/1000000 -> 18.7
A11: May | B11: =SUMIFS(Data!$E$2:$E$1000,Data!$A$2:$A$1000,$A11,Data!$B$2:$B$1000,$B$2,Data!$C$2:$C$1000,$B$3,Data!$D$2:$D$1000,B$6)/1000000 -> 20.170152 | C11: =SUMIFS(Data!$E$2:$E$1000,Data!$A$2:$A$1000,$A11,Data!$B$2:$B$1000,$B$2,Data!$C$2:$C$1000,$B$3,Data!$D$2:$D$1000,C$6)/1000000 -> 15.815849 | I11: N. Territory | J11: =SUMIFS(Data!$E$2:$E$1000,Data!$B$2:$B$1000,$I11,Data!$C$2:$C$1000,$B$3)/1000000 -> 2.4
A12: Jun | B12: =SUMIFS(Data!$E$2:$E$1000,Data!$A$2:$A$1000,$A12,Data!$B$2:$B$1000,$B$2,Data!$C$2:$C$1000,$B$3,Data!$D$2:$D$1000,B$6)/1000000 -> 19.108566 | C12: =SUMIFS(Data!$E$2:$E$1000,Data!$A$2:$A$1000,$A12,Data!$B$2:$B$1000,$B$2,Data!$C$2:$C$1000,$B$3,Data!$D$2:$D$1000,C$6)/1000000 -> 14.983434 | I12: Tasmania | J12: =SUMIFS(Data!$E$2:$E$1000,Data!$B$2:$B$1000,$I12,Data!$C$2:$C$1000,$B$3)/1000000 -> 2.2

Sheet Guide
A1: HOW TO USE THIS TEMPLATE
A2: 1. In the Dashboard sheet, change the two yellow cells (Region and Category) using the drop-down menus: KPIs and charts update by themselves.
A3: 2. To use your own data, go to the Data sheet and replace the rows with yours, keeping the same columns (blue text = data to enter).
A4: 3. Example of a valid row: Jan | NSW | Shoes | Big Fashion | 1500000 | 190 | 1250000
A5: 4. If you change the names of regions, categories or brands, update them also in the lists of the Calculations sheet and in the Dashboard cells.
A6: 5. The Calculations sheet holds the helper formulas: do not edit it.
A8: WHAT IT CONTAINS AND HOW IT IS BUILT
A9: The sample data (288 rows) was made up by AyNova Academy to show how the template works: it is not data from a real company.
A10: The 'Previous year sales' column is calculated by dividing sales by (1 + assumed growth): it is an example assumption.
A11: The formulas use SUMIFS with drop-down filters; the value 'All' becomes the * character, which accepts any value.
A12: The template works with Excel; the charts update when you change the filters.
A14: WANT TO BUILD DASHBOARDS LIKE THIS WITH AI?
... A16: Website: https://aynovaacademy.github.io/AyNova-Academy/en/
